宗门名称,行事风格,总部,成员,功法,宝物
明心剑宗,以无上剑道称雄于世，注重剑修传承，广纳资质上佳弟子，行事正统，为通玄界东方第一宗门。 | 重视心志与毅力，强调正道修行，对心机深沉者极为排斥，注重门规和弟子品性。 | 名门正派，作风光明正大，与邪道对立；注重阵法研究和内息修炼，有系统的修行体系。 | 注重根基扎实，强调踏实修行，内修外炼，精气神三宝如一；推崇水磨工夫，不尚浮躁冒进，对弟子选拔有严苛考验（如攀登坐忘峰），重视心志磨砺与机心克制。 | 宗门注重阵法与法诀的体系化研究，强调内外兼修，弟子多刻苦精进，对修行严谨认真；同时宗门风气较为开明，允许弟子自由研习，重视天赋与心性。宗内有‘连霞七剑’等知名修士，整体氛围既有仙家庄严，亦不乏人情世故。 | 注重剑修，门风严谨，但内部对弟子修炼态度存在分歧；有正道宗门的责任感，参与应对魔头集结等大事。 | 犀利锋锐，注重心法与剑修结合，讲究真息与天地元气相合，门中人物多性格鲜明，有远游交游之风，亦重师门情谊与修行自律。 | 注重剑道修行，崇尚正统修真之路，门内弟子以剑术为尊，强调心性坚定、不为外物所动。宗门中人多有高深修为与洞察人心之能，行事沉稳，对弟子要求严格。 | 讲究宗门声誉，正统严谨，注重外功与内修兼备，嫡系旁系之间关系稳定，重视历练弟子积累外功。 | 门规森然，注重正道修行，强调阵法配合与实战攻防，偏好堂堂正正的剑诀对决，同时也重视弟子历练与临敌经验积累。 | 道骨仙风，注重师门恩义，但涉及天道劫数时可能牺牲个人情感与私情 | 崇尚尊师重道，注重宗门名声，以东方第一宗自居，作风严谨，重视门内伦理与清誉。 | 正道宗门，重视师门规矩与修道之志，弟子需有降妖除魔之念，对背叛师门行为极为震怒。 | 正道宗门，注重心性修炼，对门下弟子管教严格，但可能被他人算计而蒙蔽。 | 正统修真门派，重视师门传承与弟子修为，遭遇劫难后仍被其他宗门所知悉和尊重。 | 正道宗门，注重情理与门规，对弟子行为有较高道德要求，但允许根据具体情况交由宗门处置。 | 对特定弟子极为看重，可能重视心性与剑道契合 | 温文尔雅，留人余地 | 正派十大宗门之一，拥有通玄第一神剑锺隐，实力强大，在诛邪行动中允诺出手除魔，威慑力极强。 | 正道宗门，门规森严，不容弟子在宗内挑衅滋事，与幽魂噬影宗行事风格截然相反。 | 正道大宗门，重视道心、纪律与修行根基，强调天道修行中的正确态度，有严格的惩戒制度。 | 正道宗门，注重门内弟子的修养与互助，对犯错弟子多有宽容和维护，强调师门情谊与自我反省。行事中正，关爱弟子，但也有严格的刑罚制度。 | 行事正统，注重师门传承与弟子培养，内部竞争不激烈，长辈对弟子按部就班教导，重视阵法阵诀的研究与实践。 | 虚静守中，明心见性，注重阵诀创造与修为精进，行事稳重，以正道自居。 | 纪律严明，注重剑修传承，强调集体阵法协作，弟子在战斗中需严格服从命令，行事果断凌厉。 | 拥有顶尖战力钟隐，实力强劲，受宗门弟子敬仰 | 正道宗门，强调骨气与自强，弟子修行靠自身实力而非靠山，重视尊严与内在气势。 | 正道宗门，隶属通玄三十三宗，门风严谨，嫡系传承分明，但人丁稀少，实力集中于高层而非数量。 | 正道宗门，重视宗门礼仪与秩序，参与正派联盟事务，对弟子管理严格，同时具备一定的战略判断力。 | 正直严谨，注重门派秩序与弟子修为提升，对外维护宗门安全，对内强调团结与才能认可。 | 正道宗门，注重骨气与正义，弟子以除魔卫道为己任，行事光明磊落。 | 正道宗门，注重剑修，门内有严格的师兄弟层级，三代弟子之首为文海，行事较为稳重，宗门事务受重视。 | 正道宗门，重清誉，行侠仗义，护孤弱，不畏强敌，有万载传承之风范。 | 以剑道为尊，注重根基与道法修行，行事稳重，宗门纪律严明，尊师重道，同时重视机缘与缘分。 | 正道大派，行事公正，重视弟子修为与阵法，宗门长辈对弟子回护有加，允许较为随意的师徒关系。 | 正派严谨，注重阵法与剑术，强调实战技巧和门内秩序，但对细节事务较为宽松，允许弟子灵活应对。 | 正道宗门，重视弟子修为与见地，内部有明确师承关系和长幼秩序 | 剑修宗门，注重斗气比剑，曾有钟隐坐镇时威势极盛。 | 玄门正统，修行纯正玄门真息，属通玄界主要剑修宗门之一。 | 相对克制，有礼有节，但仍在争斗中积极参与，宗主古音行事深沉，擅长心理掌控与战略布局。 | 正统剑修宗门，实力强横，对钟隐等强者具有压制性影响力，曾迫使钟隐回返。 | 刚毅果断，重视道心与剑意，行事直接犀利，不惧强权，有为同门复仇的传统。 | 正道宗门，注重清誉与尊严，行事讲究体面与大局，对门下弟子有较高道德要求，但也重视内部团结与责任承担。 | 重在以剑引气，以神御剑，属于最上乘的炼神御气之道，注重剑气圆融，不依赖剑刃制敌。 | 修行玄门正宗，注重心智与定静，强调内外通透、剑心清明，弟子多具刚烈心性。 | 严谨务实，重视基础修行与典籍传承，强调由浅入深的修炼体系；对待门内事务较为宽容，但对原则问题不轻易姑息。 | 俗、道皆存，少有清规戒律，弟子个性鲜明，较为随性开放。 | 重视孝道与门派尊严，对外保持礼数周全但内部对屈辱历史讳莫如深；弟子在外祭奠亡师被视为合乎情理之举。 | 正道宗门，重视门人，对门下弟子有较强保护意识，参与诸宗事务。 | 根基稳固，重视宗门传承与弟子修为精进，强调实力为本。 | 重情义、讲侠骨，御剑之道专注精纯，不计名利毁誉，行事果决且顾全大局。 | 正道宗门，重视道统与正义，参与围剿妖凤等大事件，行事较为激进。 | 授徒贵精不贵多，注重精英培养，修炼资源充裕，传承玄门无上秘法，宗门实力强盛，地位尊崇。 | 严谨肃杀，重誓言与门规，护山阵法严密，对邪魔外道毫不留情。 | 严谨守序，重师徒传承，护山阵法精妙，以剑为尊，讲究剑意与天地元气的融合控制。 | 注重声誉，对宗门丑闻极力掩盖，长老层面对外辟谣以封锁消息，表现出较强的控制欲和封闭性。 | 正道九宗之一，重视宗门声誉，行事严谨，参与集体行动 | 正道宗门，传统势力范围广泛，曾与鲲鹏老妖激烈对抗，维护自身权威。 | 玄门正宗，注重剑诀与传讯之术，通过精血蛊术联系弟子，行事严谨且反应迅速。 | 正道九宗之一，注重剑修与护山阵法，面临生死存亡危机时强调戮力合作，维护宗门存续；作风严谨，对弟子有深厚关怀，倾向于隐瞒不利消息以保护门人。 | 正道九宗之一，注重门内纪律与正统法门，对叛逆行为持严厉态度，但高层亦有隐忍与权衡之举。 | 正派作风，重视门规与尊严，对侵犯宗门权威的行为绝不容忍，战力以剑道为主，凌厉果断。 | 以禁纹神通著称，擅长将阵法与血脉结合，布局深远，手法隐秘，注重内在结构的严密套嵌 | 坚守剑道，重情重义，门中弟子修行纯粹剑意，有守护传承、延续师门之责。从清溟为保洛歧昌灵识不惜损耗本命灵牌可见其护道之心。 | 以剑修为主，注重心性与剑意的纯粹，追求斩断烦恼、破除我执的修行境界，行事正统严谨。,连霞山坐忘峰 | 连霞山坐忘峰附近，宗门位于连霞山，坐忘峰为宗内重要修行圣地。 | 坐忘峰，高五十四万里，为六界之极，宗门据其上，过半程（二十七万四千九百里）即自动列入门墙，可入启元堂修习法诀。 | 连霞山，主峰包括出云峰、止观峰、观霞峰、坐忘峰等，其中止观峰为宗门重地，设有‘未明观’作为议事与修行之所。 | 位于山中峰顶，有观霞峰、静室、小楼等建筑，环境多雪，地势较高。 | 连霞山，拥有七十二峰，其中观霞峰、止观峰、坐忘峰等为重要修行地。 | 坐忘峰，位于通玄界，高峰五十万里以上，天地元气随时辰呈潮汐变化，是宗门核心修行地之一。峰上自成世界，有四季更替、飞禽走兽，非寻常高山可比。 | 位于天都山脉中的山门，具体名称未提及，但为修道界重要宗门之一。 | 天都峰 | 连霞山脉 | 止观峰、坐忘峰等地为重要据点，其中坐忘峰由钟隐仙师镇守，是宗门重地之一。 | 连霞胜地 | 连霞七十二峰 | 连霞山止观峰未明观，以斩空神剑为中心，布有九重阵法，统合亿万气机，具备移山倒海之威能。 | 不夜城西，驻地在海边布禁之地，防区为临海荒滩，广及千里。 | 东方 | 夜摩天（霜风谷、心园所在地） | 未明确提及具体地点，但通过云楼揽月车、连霞七剑等描述可推测其位于东方修仙界重要区域，可能与星河有一定距离。 | 止观峰，位于连霞山，是明心剑宗核心地带，多位三代弟子居住于此，宗门高手云集。 | 向东不远（北齐山附近） | 驻地在水镜洞天之外，具体位置未详，但有代表参与通玄诸宗会盟。 | 坐忘峰自成一界，东括东海百零八岛礁，北揽箕山险峻、南至宵河、西到松岭，地域广袤，连霞山脉之中有仙家洞天千百、地脉灵窍以十万计 | 止观峰，位于连霞七十二峰之中，是宗门核心所在，设有护山阵法阵眼及斩空神剑。 | 连霞山脉，坐忘峰与止观峰为核心区域，其中止观峰设有未明观及斩空神剑镇守阵眼。,"明彦, 清溟道人, 明松道人, 单智, 李珣, 清虚真人, 明彦仙师, 灵机, 文海, 祈碧, 孙皖, 钟隐仙师, 清虚, 青吟, 清溟（宗主）, 钟隐, 林阁, 明玑, 明彦老道, 尹师妹, 宋师妹, 洛南川, 明澜道人, 岳明风, 齐芸, 明澜, 林阁师伯, 锺隐, 清溟, 明松, 明德, 顾颦儿, 林无忧, 明德仙师, 清阳, 清越, 伍灵泉, 灵木, 灵喆, 明如, 秦婉如, 古音, 青吟仙师, 明吉仙师, 明吉, 明和, 李明和, 栖霞, 青鸾, 阴散人, 明惑, 颜水月, 灵吉, 婴宁, 灵竹, 闪灵儿, 明玑回, 明心灵竹, 林师伯, 明巩, 青虚, 洛歧昌","流火赤金瞳, 天罗剑令, 洞玄剑诀, 灵犀诀, 内息搬运术, 四法三诀, 云纹阵法, 基础内息搬运术, 化气篇, 三化二真, 太上感应篇, 明玉真诀, 碧霄通达志, 披霞剑诀, 基本内息搬运术, 明纹, 山纹, 水纹, 晦纹, 金丹真息锁构体, 御剑飞行之术, 附灵之术, 引煞之术, 踏剑式, 驾云之术, 饲鹰心法, 青烟竹影, 明心剑宗心法, 千重嶂, 随波万里, 御剑, 七情火, 禁纹之术, 御剑飞行, 无情心, 极变阴阳法, 云纹, 绞魂丝, 碧灵掌, 太清神音, 土遁之术, 骨络通心之法, 明心剑宗法门, 极光玄真法, 一炷香（阵诀）, 无禁风（阵诀）, 悬空阵, 明心剑宗剑诀, 天一剑, 骨络通心之术, 刑天法剑, 一炷香阵诀, 指路幽灯, 青烟竹影百迭障, 玄门真息, 近身搏杀剑, 遥空剑气, 阵法, 阵法之道, 明心剑宗基础剑法, 驱魂炼魄通心大法, 明心灵竹, 御剑术, 洞玄剑法, 明心七禁纹, 明心剑宗诸多法门, 明心剑宗的隐形匿迹法门, 镇海八法, 七大阵法, 剑气圆融, 青烟竹影剑诀, 阵法秘要直指, 御剑搏杀, 心魔精进法, 明心剑宗的修炼速度, 玄门无上秘法, 明心剑诀, 子午剑罡, 丹霞劲, 藏星秘剑, 青烟障, 大五行寂灭雷光, 混元杵, 明心剑宗传讯飞剑术, 玄门正宗剑诀, 参商法, 破军仙剑剑气, 燃血元息, 明心剑宗内仅在清溟之下的战力, 三方六回阵法, 飞鸢牵魂之术, 海雨天风剑诀, 心照法剑, 斩空神剑","云袍, 坐忘石, 传讯剑符, 防身匕首, 丹药, 玉散人相关宝物（未具名）, 文海所赠刻有阵法的珠子, 青玉, 凤翎针, 玉辟邪, 逝水, 青玉剑, 九重石, 天冥化阴珠, 云楼揽月车, 透天水镜, 斩空神剑, 吞海灵犀, 明心剑, 长风哨, 参星盘, 苦竹, 通灵剑器, 龙纹印剑, 垂天钟, 斩空宝剑, 明心灵竹, 初雪剑, 苦竹宝剑, 破军仙剑, 青玉宝剑, 本命灵牌"
妙化宗,精擅音律杀伐之道，手段诡谲莫测，行事神秘且威慑力极强，被通玄界视为魔道一流势力。 | 擅长音杀之道，功法诡异精深，行踪隐秘，宗内有顶尖音攻强者。 | 引发轩然大波，联合散修开盟会，行动高调，打破长期沉默，具有组织号召力。 | 作为散修盟会发起者，联合众多妖人、散修对抗正道宗门，实力强大且布局深远，行事极具威慑力。 | 正统的邪宗风范，言辞无赖却从容不迫，善于曲解话语、掌握主动权，行事合乎自身利益，不拘泥于常规门派作风。 | 内部权力斗争激烈，宗主之位存在叔侄间紧张关系，对外影响力深远。 | 属于散修盟会的一部分，与其他势力如妖凤、青鸾合作但并非一心 | 文雅缥缈，注重吟风弄月，表面恬淡实则深藏算计，擅长以言语和情境施加心理压迫，行事隐秘且手段凌厉。 | 从玉散人时起，宗门内貌美弟子皆如歌姬侍妾一般，平日举止无修行气象，纵情声色，不管宗门事务。 | 内部等级分明（如妙化五侍），行事低调但手段凌厉，重视宗主意志执行，成员沉默寡言、出手狠辣 | 擅长音律惑神之术，精于精神操控与心理打击，手段阴柔诡谲。 | 融合造化魔功与宗门法门，行事隐秘且具宏大布局，通过交游天下、暗中串联推动计划,通玄北极夜摩之天 | 北极夜摩之天（位于北极冰原） | 夜摩天 | 心园（夜摩天洞天中枢） | 心园，位于北极夜摩天核心处的落玉湖附近，四季如春，百花不谢，为宗门山门所在，内有亭台楼阁、丝竹不绝。 | 心园（位于夜摩天），镇有冰牢于北海水眼之上。 | 谷中,"古音, 玉散人, 妖凤, 青鸾, 羽侍（原为幽二）, 古道人, 古志玄, 青吟, 宫侍, 商侍, 羽侍, 古音（宗主）, 古音叔父（钟隐？）, 钟隐","种玉魔功, 阴符经, 七杀琴, 幽玄傀儡炼制法门, 勾魂蚀元神术, 玄婴度劫, 血融之术, 穿心曲, 惑神曲, 妙化四神曲, 造化魔功, 妙化宗法门","七杀琴, 避水珠, 冷锁乌金链, 玉美人"
幽魂噬影宗,邪道宗门，行事诡秘阴森，擅长操控阴火与鬼道之术，手段狠辣且具威胁性。 | 擅长幽冥类秘术，手段诡异，精于魂魄操控与力量转移之法。 | 修炼阴属性功法，可能偏向隐匿、偷袭类手段。 | 阴诡狠辣，擅长寄魂转生、驱魂炼魄等邪异之术，注重对心神的操控与炼化。 | 阴险隐秘，擅长幕后操控，以阵法和邪诀算计强敌，行事狠辣，追求彻底掌控与炼化对手 | 阴森诡秘，擅长阵法与阴气操控，对擅闯者毫不留情；门内弟子修炼阴火、气机变化之术，重视隐晦气机的运用，常以灰雾遮掩山门，环境险恶，杀机暗藏。 | 行事风格偏向功利，对有天赋的弟子会加以招揽，但对冒犯者毫不留情。宗门内部等级分明，重视实力与心性，邪宗作风明显，但也有一定的制度化管理，如定期授业以平衡弟子修为差距。 | 邪宗作风，行事诡谲狠辣，重视实力与心计，不拘礼法，弟子间常有争斗，以强者为尊。宗门内对弱者无容身之地，推崇明抑暗扬、展露价值的生存方式。 | 邪宗作风，行事隐秘，擅长侦察与潜行，成员反应机敏，善于借势脱身，修炼幽冥类功法，注重实战与算计。 | 典型的邪宗风格，成员之间充满竞争与戒心，行事诡谲，善于利用傀儡、幻术与心理威慑达成目的。 | 行事诡秘，重视内部权谋斗争，宗门内有严密等级制度和复杂派系倾轧，擅长傀儡、控魂、驱尸之术。 | 修炼方式偏邪，祭炼鬼物为用，与正道对立。 | 邪宗风格，落井下石，趁火打劫，对他人困境采取攻击性手段，与正道宗门作风截然相反。 | 邪宗作风，内部竞争激烈，常用生死怨怒激发弟子潜力。 | 近乎残虐的压力下培养弟子，情绪发泄激烈，可能属于邪宗。 | 被称为“九真之首，第一邪宗”，行事隐秘，擅长操控与转生之术，有“百足之虫，死而不僵”之评，曾出冥火阎罗等强人。 | 培养幽玄傀儡，重视隐秘手段与傀儡操控，弟子可拥有强大非人战力。 | 收集魔罗喉资料最完备，与魔罗喉有深仇；注重死气、幽魂相关修行 | 擅长安插内应，使用‘寄魂转生’之术培养卧底，行事隐秘，注重长期布局。 | 邪道宗门，培养弟子手段隐秘，涉及身份伪装与情感操控，后有分支嗜鬼宗分裂出去。 | 潜匿暗杀之道高明，擅长隐匿与追踪，行事诡秘。 | 神秘莫测，擅长潜形遁术，行事隐秘 | 控神之术高明，行事诡秘，擅长操控他人神智，修炼阴火类功法，手段阴狠。 | 邪道宗门，实力和地位代表一切，行事狠辣，注重内部竞争与权谋。 | 魔道宗门，李珣在其中地位逐渐上升，生活过得不错，似乎允许甚至默许弟子在外发展势力。 | 邪道手段，擅长吸蚀精气，行事诡秘可怖，与魔物为伍。 | 修炼幽冥阴火一脉，行事高傲凌厉，注重个人修为与实战对抗。 | 阴沉多智，精于阵法与暗杀，成员行事低调但实力强劲。 | 邪宗，修行阴火类功法，行事诡谲，注重速成但风险高。 | 邪异隐秘，擅长偷袭与逃脱，行事神出鬼没。 | 收留散修并快速提升其修为，可能与阴散人有关联 | 内部派系斗争激烈，资源紧缩，门内火并频发，受外部势力挤压 | 邪门外道，唯利是图，不重忠孝节义，唯才是举；行事周密狠辣兼备，以利益为先。 | 行事诡秘，擅长隐匿、噬影之术，注重阴气、九幽之力的运用，内部权力斗争激烈，宗主与长老之间暗流涌动，对外则树敌众多，善于利用外力为己所用。 | 擅长御女之术与控神之法，手段阴狠，注重心窍操控与精神压制。 | 低调中隐含强势，对内纪律严明，对外欺不得硬茬；宗门弟子出行成群结队以避风险，整体氛围压抑而谨慎。祖师咒灵统摄全宗，弟子出师需立誓约，受誓约戾气反哺，使宗门上空常悬利剑。 | 邪道作风，血腥残忍，成员被视为恶人、刽子手、魔头，行事不拘手段。 | 专精于傀儡之术，擅长操控死人，被称为‘修死人’的功夫，手段诡异阴森。 | 行事谨慎，对盟会不热心，只派无关紧要的长老出席意思一下。 | 未明确描述，但从被分配至该区域被视为“倒霉”以及成员“某个人太坏了”等语推测，行事或偏阴诡、令人生厌。 | 擅长阴谋与借刀杀人，利用他人达成目的而不直接介入；行事谨慎，有所顾忌。 | 与‘百鬼道人’及‘水蝶兰’相关，涉及幽明阴火、噬影大法等隐秘修行体系，可能为西南地区重要势力 | 掌控“化阴池”这类集化劫、塑灵、转生于一体的圣地，可能涉及鬼道或阴属性修行。 | 邪道宗门，行事诡秘，擅长操控阴气与阵法，内部派系斗争激烈，注重权谋与实力压制。 | 权谋深沉，内部斗争激烈，注重实力与传承，行事隐秘且充满算计。 | 阴森诡谲，擅长阵法与阴火功法，注重权谋与内部斗争，对魔罗喉等妖物有深入研究。 | 行事诡秘，崇尚阴邪之术，重视血脉与传承，宗门内部派系斗争激烈，对外则面临正道九宗、散修盟会及西联等势力的压力。宗门在祭祖大典中展现对祖师的尊崇，同时通过仪式决定权力交接。 | 维护宗门铁则，不授人以柄，不予人口实；在宗主之争中手段果断，杀伐分明；重视祭祖大典与传统仪式，强调诚心静意。 | 在面临外敌入侵时采取玉石俱焚的防御策略，强调宗门存亡高于个体安危；平日行事圆滑有余而强势不足，但在危机时刻亦能展现出激烈决绝的一面。 | 置之死地而后生，以极端手段逼迫宗门弟子奋发图强，传承不灭；行事决绝，重因果报应，强调宗门责任与担当。 | 以宗门弟子的精血怨气奉养开派祖师九幽老祖残留的怨魂（祖师咒灵），行事阴狠，依赖邪法与咒誓控制成员，牺牲弟子成全祖师 | 以阴火修炼为核心，擅长操控阴气与咒灵，行事隐秘狠辣，重视宗门传承与秘法控制。 | 行事隐秘，擅长操控咒灵与阴气，重视宗门传承与祖师遗志，有牺牲自我以成全大局的传统。对欺师灭祖行为极为痛恨。 | 暗中谋划，擅长傀儡与阴谋手段，行事诡秘 | 立宗数万载，曾积累庞大基业，后因九幽噬界事件导致衰败，被圈禁方圆千里，宗门覆灭或濒临覆灭。 | 修行法门与玄海幽明宗几乎一脉相承，推测其注重阴浊气息与傀儡、灵识相关之术。 | 擅长役鬼之道与蛊术，手段狠辣，能以精血之法控制弟子，具有极强的监控与惩罚机制。 | 擅长隐秘法门，如寄魂转生，行事诡秘阴森 | 曾采取封闭自守之策，成为其他宗门效仿的对象（如星玑剑宗）。 | 阴毒诡秘，擅长鬼道手段与隐匿追踪 | 修炼阴邪功法，传承隐秘，涉及夺舍、炼化宝物等手段,一处沉寂昏暗、常年被浅灰薄雾笼罩的山谷，山谷中气机流动变化莫测，设有诸多阵法，为宗门山门秘境所在。 | 腾化谷 | 鬼门湖 | 鬼门湖，湖心岛核心处，临近宗门重地虚昧厅，深达地下数十丈。 | 鬼门湖，湖心地宫下有通往化阴池的唯一正常入口，宗门主要据点包括腾化谷、北齐山剃刀峰等。 | 湖心地宫为宗门圣地核心，位于通玄界西南；化阴池沉于千里地底，通过石罩与地表湖心地宫以法术连接；腾化谷周边亦为其势力范围。 | 未提及 | 鬼门湖湖心小岛地宫，周边有灵气充沛的贵客与长老居所小院。 | 鬼门湖湖心岛，设有湖心地宫、祭坛、化阴池及召灵钟，是宗门举行祭祖大典与权力更替的核心地点。 | 鬼门湖湖心岛，设有祭台与化阴池，附近有阵法防护，通往九幽之域的空间裂隙位于化阴池上方。 | 鬼门湖湖心岛及周边区域，设有祭台、湖心地宫等核心设施，依托九幽之域裂隙布设阵法体系。 | 鬼门湖湖心岛，设有祭台、化阴池及地气连柱体系，后因九幽噬界开启，环境被浓稠九幽地气笼罩，形成封锁空间。 | 湖心岛，设有祭台，临近化阴池与虚空裂隙，环境阴森，充斥九幽地气 | 封界之内，具体位置未明，但有湖心岛、天都峰等重要地点。 | 封界内的鬼门湖区域，设有化阴池、祭坛等设施，祖师咒灵常驻于此。 | 幽魂噬影宗地界，包含灵脉、药圃、矿山等资源,"鬼先生, 李珣, 碧水君, 冥火阎罗, 毕如晦, 应采儿, 阎夫人, 归无藏, 叶如, 冥璃, 幽五省, 苍冥子长老, 李珣（化名百鬼）, 阴馑长老, 幽狱长老, 百鬼道人, 栖霞元君, 血散人, 李珣（疑似关联）, 九幽老祖, 李珣（幽冥籽）, 顾颦儿, 阎采儿, 阴谨长老, 苍冥子, 朱泓, 阴拓, 阎湖, 阎如, 百鬼道长（李珣）, 九幽老祖（已故，残余为祖师咒灵）, 诸位长老, 百鬼, 水蝶兰, 冥火老儿, 血魔百鬼道人, 百鬼（李珣）, 鬼机, 阴馑, 李珣（百鬼）, 李珣（百鬼道人）, 阎飙长老, 幽习长老, 幽习, 阎飙, 多位长老, 大姓弟子, 低辈弟子, 幽离, 阎曾, 古音, 碧水, 古音（客座或合作身份）, 玉散人","幽明气, 寄魂转生, 镇派六法门, 幽冥录, 附魂引, 幽明阴火, 寄魂转生之术, 驱魂炼魄通心大法, 截空杀, 九幽搜魂, 黄泉恸鬼窟, 通幽鬼路, 阴阳转极化生炼法, 幽玄印, 幽玄傀儡, 平脉三法, 九幽穿石遁法, 慑魂魔音, 拘魂敕令, 噬影大法, 驱尸傀儡术, 控魂大法, 幽玄影身, 碧火流莹咒法, 幽冥气, 压阵法诀, 幽火烛目, 不动邪心, 血魔化心大法, 离魂阴劫, 鬼灵火, 乱纹禁, 心血轮眼, 搜魂术, 幽玄大法, 鬼灵转生术, 惑神之术, 逆影遁法, 幽冥阴火, 无底冥环, 骨络通心之术, 质气转换, 影傀儡, 离魂神音, 幽一, 吞精噬元之术, 阴火珠相关功法, 辨魂之术, 化阴池相关功法, 控神之法, 《血神子》, 无底冥环（李珣所修）, 幽冥阴火修炼法, 九幽潮汐感应与利用之法, 傀儡之术, 燃血锻体, 锁魂勾, 血影妖身, 燃血元息, 控魂术, 勾魂术, 傀儡术, 抽髓之法, 引灵入体法门, 血魔秘术, 血神子, 心符水印, 真息导引, 阵法纹路, 咒文符箓, 《幽冥录》, 血神锻体, 幽域天障, 五极解封, 九幽噬界, 幽冥模式, 骨络通心之法, 幽狱观想之术, 幽明气基础法诀, 无常索, 蚀心炼魂, 冥化神术, 绝息竭元之术, 水镜之术, 与玄海幽明城修行法门一脉相承, 祖师咒灵, 辨血识人, 血魇之术, 鬼火引, 幽魂噬影宗的传承, 幽明鬼火","幽冥录, 阴火（黑珠）, 化阴池, 天冥化阴珠, 尘风宝珠, 铜铃, 骷髅头骨, 幽玄傀儡（幽一、幽二等）, 七鬼铃, 天识轮, 智识珠, 鬼鸦剑, 无颜甲, 七鬼环, 阴火珠, 飞魂敕令, 玉辟邪, 行尸丹, 金丸神泥封禁的紫玉盒, 解咒玉简, 太素化阴玉液, 五遁障, 锁灵灰金石罩, 紫玉盒, 金丸神泥, 鬼门印, 紫玉盒子, 金珠, 破魂梭, 鬼门湖阵法布置, 召灵钟, 墨石玉简, 曜魅环, 鬼门令, 雾松铁祭服, 天王伞模样的法宝, 天王伞, 祖师咒灵, 玄冥飞环, 定魂星, 乌金链, 冰风宝珠"
幽山无心宗,行事古怪妖异，信奉‘天之道，损有余而补不足’，功法讲究‘欲要得之，必先予之’，常以牺牲身体器官换取能力，作风咄咄逼人。,,心殛子,,
无心宗,行事隐秘，擅长伏击与心理战，利用障眼法和多层杀招突袭目标；修炼与心火、命气相关的邪异功法，有为避天劫而植入蛟珠、积聚戾气的阴谋手段。 | 可能加入西联联盟 | 传闻将加入西联，实力泛泛，未受重视。 | 中落已久，勉强维持，依靠宗主独力支撑，在强敌包围下独立生存。 | 被散修盟会攻破，导致宗门绝嗣，似乎已濒临覆灭 | 修行化五脏、融六腑、炼皮骨、销血肉，注重修身炼体，将体内脏器骨胳经脉转化为先天命气,幽山七十二盘,"心殛子, 宫五, 宫六, 七无道人","化心火, 命气化七身, 心系（心脏化核）, 心炎, 先天命气, 心炎九转",魂火珠
三皇剑宗,硬朗刚正，战力强横，以武立宗，弟子多具不屈意志。 | 正派宗门，势力庞大，以王道剑诀著称，有威慑力，主张‘不战而屈人之兵’，山门地界严禁外人擅入。 | 霸气、强势，正派中带有霸道作风，擅长以威压手段震慑对手，行事讲究策略，会使用透音砂等昂贵手段进行监视，有渔翁得利的意图。 | 作风强势，谈判时以武力威慑，行事果断专断，宗主洛岐昌一言而决，注重宗门颜面但能为大局让步。 | 强势，具有强大威慑力，在修仙界中地位显赫。 | 宗门弟子眼力、见识出众，注重实战经验与剑法传承，名不虚传。 | 剑修宗门，高手如云，重视门派荣誉，对仇敌长期记恨，行动集体性强。 | 名门正派，有威望和实力，长辈行事谨慎，不愿轻易与后辈结深仇。 | 派遣弟子参与极地事务，与胡不离等人有交集 | 地位尊崇，宗主被称为“东皇”，行事大气，关注天下大事，参与镇压或调查重大事件。 | 位于东边，被提及作为地理参照 | 正道宗门之一，与邪派对立，易因惯性卷入拼斗 | 正道九宗之一，门下弟子活跃于前线事务，重视实战与精英培养。 | 重威势气魄，剑诀凌厉，以震慑敌人为主,赤城山 | 中南部 | 势力范围临近腾化谷东部，拥有熟人网络和安全庇护能力。,"何志彦（天君）, 胡不离, 洛玉姬, 闵二山, 东阳山人, 洛岐昌, 龙首狂客, 洛无昌, 碧霄客, 萧怡, 洛歧昌, 两名修士（被车宰臣击晕）, 梢英","王道剑诀, 叱雷天变, 海天八变, 三皇剑宗的剑诀","透音砂, 垂丝飞环"
冥王宗,邪道势力，擅长阵法与阴毒手段，曾布下天冥阴河阵围攻敌手。 | 邪宗之一，乐见妙化宗动作，但未有实质举动。 | 邪道宗门，手段阴狠，组织严密，有追杀目标时大规模出动高手，重视宗门脸面。 | 杀气森森，刚愎自用，对敌仇恨极深，行事霸道，不容其他宗门插手事务。 | 精擅驱妖摄鬼之道，手段阴狠 | 敌对宗门，被幽魂噬影宗视为死敌。 | 邪道宗门，以阴邪鬼气为修行根基，与正道对立，传承镇派六法为邪道翘楚。 | 拥有灵尊与冥将层级战力，具备一定规模的战斗组织能力，可能涉及隐秘行动 | 背后偷袭，不择手段，为达目的不惜阴人 | 与百鬼有血仇，行事果决，不惜在强敌环伺下发动突袭。 | 参与西联联盟，属于邪宗势力之一，可能与嗜鬼宗联合行动 | 被幽魂噬影宗排斥的恶客，意图干预他宗事务，暗中收取残魂进行谋划。,七鬼角的群岛上，四面临海，周围暗礁密布,"宋元敕, 元烁, 元难, 无尽冥主, 元樟, 十八冥将, 惕无咎, 李元曦, 冥将, 冥火阎罗, 冥思, 两个灵尊, 四个冥将, 元苦, 元艰, 三位冥将","七鬼摄海破, 七冥星阵, 血神劫指, 镇派六法, 诛鬼刺",
天行健宗,专修浩然之气，正大光明，对邪道功法极有克制之力，行事刚健雄奇，万邪辟易。 | 行事正派，注重浩然正气，对违背道义之事严厉指责，但亦能审时度势，不滥杀无故。 | 严谨认真，坚持原则，擅长布阵与感应之术，行事执着，不轻易放弃目标。 | 严谨、纪律严明，但成员间有较强的情谊，重视师门任务和同门安危，行事果断，战力颇强。 | 正气凛然，注重身姿仪态与修为品性，可能崇尚刚健有为之道 | 正派宗门，弟子遇害后引发正道公愤，牵头发布“天罚令”，组织除魔联盟追杀邪人，行事正义果决。 | 交友广泛，多言健谈，好结交朋友 | 正道宗门，重视弟子忠诚与英勇行为，对有功弟子礼遇有加。 | 正道宗门，插手正邪之争，有乾元先生等高人坐镇。 | 作风严肃认真，门下弟子多一板一眼，对外延请客卿以补充实力。 | 正道宗门，接纳客卿需名声极好，管理严格 | 注重传道授业，宗风稳重，有君子之风，宗主大衍先生性格沉静淡然。 | 正道宗门，重视同门情义，对叛宗行为持严厉态度，行事较为传统和保守。,位于不夜城后方，与明心剑宗防区相连。,"师兄, 刘师哥, 女修师妹, 何慕兰, 顾颦儿, 刘师兄, 姓董的弟子, 董明, 刘姓师兄, 苏曜, 乾元先生, 庄楚, 水蝶兰, 大衍先生, 苏曜仙师, 梅洁, 钟隐","浩然之气, 行神如空，行气如虹, 浩然气, 天行交感之阵, 五方神通感应, 太初剑诀, 青烟竹障, 元阳珠, 紫阳神剑, 百里飞剑, 红莲劫",
嗜鬼宗,可能以吞噬鬼物或血气为修行途径，属于偏邪或魔道类宗门。 | 从幽魂噬影宗分裂出的邪道宗门，具体行事未详述，但可推知承袭部分原宗门特质。 | 曾为幽魂噬影宗分支，现已分离。 | 可能想加入西联联盟，与冥王宗并列引发担忧 | 阴狠诡谲，与幽魂宗并列，似有复合之议 | 以鬼修为主，擅长冥化神术与阴气操控，行事霸道,离恨天,"幽离, 阴馑, 鬼老三","噬影大法, 冥化神术",
落羽宗,未明确描述，但从叛徒水蝶兰投靠死对头来看，可能为正道或中立宗门，重视门规与忠诚。 | 曾拥有王牌杀手团队'二十四翎'，重视香火情分但有叛徒 | 杀手宗门，行事原则为‘接手无悔’，一旦接下任务或关系便不会轻易放弃，高手会大规模集结行动。 | 擅长暗杀，手段隐秘凌厉，以殡生印等绝技著称，行动不留痕迹，令对手防不胜防。 | 追杀他人，派出杀手进行偷袭，行事隐秘 | 擅长设伏、使用阵势和灵体侦查，行事隐秘阴狠 | 杀中求道，断情绝性，游刃生死，行事阴狠诡异，以杀身求道为理念，但现任宗主素怀羽更重利益。 | 掌握操控飞禽的秘法，如‘告死鸟’用于侦查或预警 | 擅长暗杀之法，与朱勾宗并列，可能为刺客类宗门。 | 参与西联联盟 | 根基虚缈，随波逐流，缺乏独立立场。 | 以跑路本事著称，可能擅长轻功或遁术，被拿来与朱勾宗对比。 | 擅长潜形匿迹，行动隐秘高效，在大战中承担关键穿插任务，作风谨慎且富有策略性。 | 以潜形刺杀闻名，擅长隐匿与暗杀之术。,,"水蝶兰, 千机老怪, 素怀羽, 无名杀手, 百鬼道人, 黄、青、血、玄、素五色杀手, 玄羽, 洪长老","千里无影, 殡生印, 落羽十杀技, 燃血元息","告死鸟, 搜神冰蚨, 子蚨, 母蚨"
回玄宗,正道大派，擅长阵法阵诀，门风严谨，对叛徒追杀到底，极重宗门宝物与尊严。 | 当世第一阵法大派，擅长阵法阵诀与机关术结合，布设范围极广的复杂阵法，技术独步天下。 | 以阵法之道独步天下数万年，拥有极高深的禁纹手法传承。 | 阵法高明，手法精妙，为通玄界顶尖阵法宗门之一。 | 注重炼丹制符，材料管控严格，宗门矿山产量稀少，资源珍贵。 | 擅长阵法布置，手法巧妙，追求举重若轻、峰回路转的巧思，在简单中见实效。 | 擅长阵法与丹药之道，注重阵法推演与融合，积极参与正道联合事务 | 精通阵法阵势，注重实际应对与引导同门，有组织力和战术意识,诸隐山,"玄符真人, 玄化真人","回玄妙手, 峰回路转","宗门宝物（具体名称未提）, 断续灵胶, 金击子, 返魂丹, 清心七巧散, 流莹丹, 辟路梭"
水镜宗,主持“水镜之会”，观测天机气运，发布预示天下变化的偈语，具有极高权威性，其“彻天水镜”可映照一年气运。 | 严守中立，行事风格为“烂好人”，常以神算谋断遍施恩惠，通报劫数，少树敌而广受尊重。 | 求卜问卦，观人之气，重声势消长而非生死祸福；不开口则罢，开口无虚言 | 以神术窥探天机，注重理性与算法，行事低调但影响力深远，不将自身神谕视为绝对真理，面对质疑亦能坦然回应。 | 未明确描述，但从弟子颜水月的行为推测可能较为灵活、不拘一格，或带几分戏谑与机变。 | 超然独立，谁都不得罪，以窥探天机为修行之道，注重洞达世情、冥合天心，不重修为与境界。 | 口风极严，擅长保守秘密，牵涉诸多秘辛而无泄露，宗门性质特殊。 | 擅长水镜类阵法与侦测之术，法门清晰细致，用于看守门户极为有效，但隐蔽性较差。 | 窥探天机，趋利避凶，旁观者清，注重谋算与自保。 | 作为大会主办方，擅长协调各方势力，安排得当以避免冲突升级，知客圆滑机智，善于处理复杂人际局面。 | 以秘法相面、推演天机，行事清雅出尘 | 负责组织水镜大会，设有传讯台，承担知客职责，消息传递迅速。 | 超然物外，观照天地，不染微尘，无功利得失之心，正邪毁誉不计，实则圆滑世故，趋避有度，注重自保。 | 圆滑知变，善于调停纷争，作为地主力求中立避祸，维持表面和平。 | 保持微妙态度，行事谨慎，在重大事务中显得不冷不热，注重宗门内部稳定与修行要务。 | 低调内敛，但在重大事件中保持独立判断，倾向于掩人耳目、自行处理事务；宗门高层（如天芷上人）性情高傲，重视同门情谊与宗门荣誉。 | 擅长布置水镜探查，隐秘行动，但防御能力较弱，易被击破。 | 圆滑趋避，讲求心映万物，处世平和从容，注重缘法与能耐而非长幼尊卑，立场中立但暗藏机锋。 | 掌握天机谶语（如“水镜偈语”），能揭示重大危机，但不轻易议论天机。 | 善于传递消息，圆滑机变，可能利用情报影响局势，间接干预他宗事务。 | 以秘术传递信息，擅长水镜之术进行远程投影与双向通讯，注重情报分析与天机推演。 | 与引发天劫的箴言警语有关，似乎擅长预言或利用天机之术,琅琊水镜之天 | 水镜洞天 | 鉴湖之上，位于水镜洞天之内，以主河道中枢鉴湖为核心，水系密集如网，彻天水镜存放于此。 | 水镜洞天位于北齐山中段，周围灵脉众多，因封禁和地形而显得幽静。,"水镜先生, 颜水月, 玉岚道人, 玉岚道姑, 李知客, 李珣, 水月师妹, 天芷上人, 灵喆, 明惑, 伍灵泉, 灵机, 季涯","推演之术, 水镜天心之术, 水镜法, 水镜神术, 镜化, 批命理, 推算劫数, 水镜秘法, 彻天水镜, 水镜之术, 推演天机的妙术, 水华重幕, 水镜大会相关法门, 阵法纹路刻画, 骨络通心之术, 寄魂转生, 无底冥环, 驱尸傀儡术, 血神法门, 寄魂转生术, 逆施寄魂转生之术, 截留复现影像之术, 测心映照之术","彻天水镜, 水镜, 扇子（上书‘天机无限，一半一半；信口胡言，且听且看’）, 镜傀儡, 墨丝蚶宝, 虹影珠, 流水盘, 水镜偈语"
朱勾宗,邪宗大派，以炼器、机关、暗杀闻名，阴毒冷僻，十分难缠，擅长布置阵法与示警机关。 | 通玄界数一数二的炼器大宗，擅长制造邪门法宝，手段阴毒，以消耗性法宝配合暗杀战术，行事狠辣。 | 心狠手辣，狡诈如狐，派出强者执行任务时阵仗大，手段凌厉。 | 潜匿暗杀之道天下独步，行动隐秘，突袭能力强。 | 机关阵法见长，杀手组织性质 | 以杀手闻名，尤其擅长悬红缉赏任务。 | 杀手宗门，作风强硬，对叛逆者明令追杀，与其他势力联手围剿目标。 | 逼迫弟子接生意，对叛出者施加压力 | 适合杀人发泄，可能偏向暴烈或自由放纵的修行方式。 | 以寒玉勾等阴毒手段著称，曾为杀手组织，行事冷酷。 | 凶狠毒辣，擅长阵法与刺杀，使用凶器‘小朱勾’进行污精血、闭灵窍、勾魂摄魂等阴毒手段。 | 擅长暗杀，手段精绝诡谲，以杀手闻名，行事狠辣，不惜动用戮魂斧等强力手段。 | 以炼器、暗杀起家，擅长毒术与暗器制造，行事低调但手段阴狠，重视宗门根基与核心资源保护。 | 精通炼器与暗杀之术，行事隐秘，属于夹缝中生存的势力，与宗主关系紧张时内部不和。,明玉山 | 明玉山地界附近，靠近通玄界中部区域，临近西南丛林。,"百了刀, 明皇戟, 水蝶兰, 遁天刺, 朱勾九杀, 牵魂索, 蚀神刀, 小朱勾, 商侍, 寒玉勾, 疫鬼勾, 戮魂斧, 千机老怪, 邹老哥, 四杀（前七杀成员）","逆影遁法, 虚昧空遁, 寒玉勾, 刺血法, 暗杀之法, 慑魂魔音, 疫毒, 迭毒法, 专门设计的一套应用法门（用于日轮珠）","小朱勾, 花萼烟魔梭, 缚魂烟萝, 蓝星砂, 灵灭丝, 戮魂斧, 鬼灵珠串, 干天火灵珠, 蚀神刀, 日轮珠"
阴阳宗,行事不分正邪，以阴阳双修之术闻名，常被与邪道大宗极乐宗相提并论。 | 宗门内设有日曜书官、月华长史等职位，分别为男女下任宗主候选人，统御五嫔七卿，体系严密；秦婉如作为月华长史，行事缜密、善于谋略与心理战，整体风格深沉难测。 | 伦理奇特，对男女之道有异于世俗的见解，涉及双修采补等修行方式。 | 拥有宗门秘库和《阴符经》等重要资源，内部等级森严，宗主为云蓝柯，实权人物为阴散人，师徒关系紧密且具控制性，追求中兴与权力更迭。 | 擅长逆转阴阳、极致变化之道，行事缜密，善于布设伏击与气机网路，对敌时讲究合力围杀与真息质性变换。 | 手段凌厉，杀伐果断，对敌毫不留情，但内部等级分明，尊卑有序。 | 高傲强势，宗主具有极强控制力，内部存在权力斗争与外部勾连嫌疑。 | 擅长操控傀儡、修习阴邪功法，注重心机与控制，行事诡谲，偏向魔道手段。 | 正道或中立宗门，曾掌宗阴阳，有洞天道统传承，注重宗门延续与外洞天建设。 | 以双修、媚功和魔功修行为主，注重利用鼎炉与玉婴等手段提升修为，行事偏邪，追求极致的修行资源。 | 低调，势力范围狭小，对外保持中立低调，以护住宗门道统为首要目标。擅长媚术，注重传承，对绝顶天资者极为重视。 | 未直接描述，但通过秦婉如与羽夫人关系及对古音谋划的影响可推测其涉入高层权谋，具备一定政治影响力。 | 自保全身，谨慎保守，但在情义和恩怨上讲究因果报应；面对强敌时倾向于寻求外援或拖延时间。 | 对正道九宗事务持不冷不热态度，未积极参与合作；内部存在权力支持派系（如支持婉如登位）。 | 行事神秘，内部关系复杂，涉及心魔、阵法与精神控制等手段；在外部压力下仍主动出击，具有较强行动力和隐秘布局能力。 | 深藏不露，擅长迷魂术与阴谋布局，内部存在家丑和骨肉相残的隐秘，对外则极力掩饰。 | 修行速度较快，与明心剑宗在修炼速度上有对比，可能偏向实用主义。 | 尚未表态立场 | 手段凌厉，注重宗门威严，对叛门者毫不留情，擅长摄魂迷心之术与雷煞杀阵，宗主秦婉如行事果断，媚术无形，积威甚重。 | 作为中小宗门，采取谨慎务实的处世之道，倾向于在大势力碰撞中保持旁观者心态，伺机应对。 | 授徒方式涉及阴阳双修、风月手段，内部派系斗争激烈，有日曜与月华两系之争。 | 行事隐秘，涉及炼丹、操控亲族等非常手段，内部师徒关系复杂且深厚，有违背常伦之举。 | 未明确描述,未提及 | 尚未明确提及具体位置，但有提到其南返计划及与玄海幽明城、千帆城等地的关联；目前宗主云辇暂驻水镜洞天。 | 未明确描述,"阴散人（上代宗主，后叛宗）, 秦婉如, 阴散人, 李珣, 云蓝柯, 祈碧, 明玑, 羽侍, 阴重华, 古音, 栖霞, 羽夫人, 婵玉, 水蝶兰, 苏瑜, 吴姬","颠倒阴阳阵法, 阴阳双修之术, 惑神之术, 《阴符经》, 极变阴阳法, 幽脉, 通心法, 入神法, 惑神秘术, 通心之法, 驱魂炼魄通心大法, 阴符经, 不动邪心, 血神煅体, 外化血魇, 血分身, 《血神子》, 天魔舞, 五色神光, 定魂蓝星, 金丸神泥封印术, 碧火流莹咒法, 莲花八密, 摄魂迷心之术, 天罡雷煞之法, 血融之术, 攫灵法, 六御阳阴变","无颜甲, 天冥化阴珠, 定魂蓝星, 金击子, 扫雪铃, 太阴光极幡, 破魂梭, 落魂幡"
一斗米教,行事有些邪门，又算不上邪宗之属，称为'异'，接纳三教九流人物，人员复杂；在人间界以宗教形式聚集信徒，利用信徒供奉的念力修炼。 | 被描述为“妖人”组织，可能行事诡秘或被视为邪道。 | 势力较弱，对结盟持保留态度，只求维持宗门道统。 | 擅长幻术，造诣高深 | 可能加入西联联盟 | 擅长幻术，成员可伪装潜入他宗，参与西联活动。 | 龙蛇混杂，积极收编散修以增强实力，在局势变动中谋求自身利益。 | 依赖人间香火供奉，与散修盟会冲突较小，行事较为保守自保。,设在人间界,"公孙老哥, 泌阳子, 重华子, 孟章神君, 离天妖道","吸取信徒虔诚供奉所形成的念力精进修为, 采阴补阳的法门, 白莲化生",
星玑剑宗,不入正邪分野，桀骜不驯，精通天星推演与阵法化生，对内部事务处理偏袒 | 与明心剑宗并列的剑修大派，近期与明心剑宗发生火并，处于动荡之中。 | 强势霸道，不讲道理，门下弟子杀伐果决，与敌对势力火并激烈，重视宗门信物与阵法控制。 | 护短，注重宗门内部亲疏关系，对挑衅者严厉镇压，但因顾忌其他宗门而有所克制；行事受天垣翁主导，偏向强硬作风。 | 光明磊落，注重清誉与规矩，修行以合天道为纲，讲究星斗入剑、剑化天星，行事严谨且重门规。 | 以阵法见长，掌控星河禁地，行事严谨、封闭，对外来者极为警惕，拥有强大而精妙的阵法体系，注重宗门颜面与独立性。 | 专修剑道，与明心剑宗不同，具体风格未详述，但重视道友情谊与祭奠亡魂。 | 正道宗门，以剑修为主，发布剑帖号召围剿血魔 | 遭遇重大变故后选择封闭自守，因宗主天垣道友伤重仙去、前任高手允星身亡，决定效仿幽魂噬影宗，封闭星河千载，不与外界往来，行事趋于保守避世。,星河 | 星河（六大绝地之一，位置飘忽） | 星河之内，中枢位于太微垣，聚星台为核心禁地，掌控周天星力运转。 | 星河中的太微垣聚星台一带，依托星力布设阵法，是宗门核心所在。,"天垣老儿, 允星, 毕宿, 天垣翁, 王罗, 明玑, 天垣道友","化生星典, 星玑剑宗独门法诀（可吸纳炼化星力）, 《化星秘典》, 星变图, 破军仙剑剑诀, 星斗入剑, 剑化天星, 调动方圆十里阵法, 八阵图, 天心灵犀之术","参星盘, 定星, 黑曜晶, 破军仙剑, 化星剑帖, 九天星剑"
不言宗,阵法高明，讲究‘大巧不言’，手法内敛而深奥。 | 奉行‘大巧不言’的法门，注重阵法与自然融合，低调隐秘，不轻易显露手段。 | 以布禁之法见长，擅长设置无声无息的阵法与突发性攻击手段。 | 阵法门派之一，与回玄宗、明心剑宗并列，在阵法上有精深造诣 | 精通阵法，性好游历，前任宗主屈拙语曾遍游六大绝地。 | 势力较弱，对结盟持保留态度，只求维持宗门道统。 | 尚未表态立场 | 精于阵法之道，曾掌控雾隐轩，其阵法布置留下深刻印记，风格偏向水火交融、地脉为基的生克之法。,,"屈拙语, 乌吉","默语篇, 大巧不言, 弹指惊雷",
不夜城,设有防御体系（万里极光壁），由城主主导抵御外敌，具备较强防御能力与宗派影响力。 | 设有严密防护阵法，组织防御有序，具备中枢指挥系统，能发动大型阵法“永夜极光”对抗强敌。 | 正道宗门之一，组织联军对抗散修妖魔，重视弟子培养 | 作为地主势力，言语泼辣直接，主持大局但不轻易介入纷争，具有强烈威压与宗师风范。 | 爽直利落、不假雕饰，宗主天芷上人性格锋芒毕露，言谈间常带讥诮，但关键时刻举动深意难测，行事看似随性实则有度。 | 作为地主势力，统御一方，与各宗协作防御，城主具有宗主级权势与实力。 | 以极光千变为修行法门，前期耗费心力极大，修炼进程复杂，主张举宗内迁以避锋芒 | 坚韧不拔，知耻而后勇，以退为进，在重压下培养精英弟子，宗门传承有后，虽迁宗但志在复兴。 | 神秘、隐忍，成员为复仇可不惜一切代价 | 隐忍算计，行欲取先予、实则虚之、计走连环之法；为达目的可甘受羞辱，伺机雷霆一击 | 宗门内部有较强辈分秩序，重视先师遗物与宗门传统；对宗主行为可提出质疑，但受尊卑限制。 | 有独立修士势力，参与宗门会盟，遭遇袭击后采取强硬应对姿态；许阁老被害引发高层震动。 | 精通幻术，手段惑人 | 正道九宗魁首之一，城主天芷上人亦可化身为血魔，行事极端但有理智 | 为振兴宗派不惜入魔以殉，因散修盟会压力被迫内迁，放弃祖地根基,不夜城 | 位于北海之滨，是正道十宗之一，与夜摩天相邻，设有驻守监视夜摩天变化的职能。 | 极地圈，后因情势所迫举宗内迁，原址位于北海周边，临近夜摩天。,"天芷上人, 玉岚道人, 颜水月, 天河, 季涯, 许阁老, 极影真人, 天芷, 天河长老","极光玄真法, 永夜极光, 极光千变法, 极光千变, 极光元磁, 五色神光, 心魔精进法, 御剑之术, 极光玄法, 《血神子》, 先天五色神光, 回玄阵法","天仪盘, 虹影珠, 永夜极光, 万里极光壁, 宗门神器, 造化金丹, 锁心寒铁"
噬魔宗,邪宗之一，乐见妙化宗动作，但未有实质举动。 | 邪道宗门，势力强大，被描述为“当之无愧的第一邪宗”，宗主罗老妖为邪道第一宗师。 | 阴狠诡谲，擅长搜精噬血，以精血自肥，手段残忍。 | 行事隐秘，意图复兴他宗以图己利，擅长布局与情报收集，手段强硬。 | 市侩务实，善于借势推销诚意，通过提供联络手段建立潜在合作，情报网络发达。 | 擅长隐匿与追踪，派出暗探监视目标，手段诡秘，属于见不得光的势力。 | 邪道宗门，行事诡谲霸道，宗主罗摩什性喜饮血，以血代酒，作风阴狠却又有懒散从容的一面，属邪道绝顶势力。 | 强大宗门，可能为北盟着力打击的目标。 | 参与西联联盟，属于邪宗势力之一 | 西联魁首之一，强者为尊，倚重顶尖高手主导地位。 | 邪道宗门，行事张扬霸道，宗主罗摩什豪情万丈，具有强烈的主导欲和战斗意志。 | 通玄第一魔宗，宗内遍布毒虫妖兽，地形险恶 | 修炼阴毒魔功，擅长操控怨念与魂魄，手段狠辣，以夺魄化形为无上魔功。,陷空山,"罗老妖, 飞天猿魔, 罗摩什, 雷喙鹰, 摩什上师, 不成器的弟子","天魔魅影, 搜精噬血, 飞魃讯法, 夺魄三化",
天妖宗,邪宗之一，乐见妙化宗动作，但未有实质举动。 | 霸道强势，以力破局，行事张扬，充满堂皇气势，对仇怨执着，讲究因果报应。,,天妖凤凰,"控火之术, 离化神光, 血劫烛元神光",青碧玉羽
毒隐宗,邪宗之一，乐见妙化宗动作，但未有实质举动。 | 心肠诡谲，手段狠辣，擅长用毒，以毒物炼制新药。 | 手段狠辣，擅用剧毒无差别杀伤，如‘赤雪乱’，且能精准控制毒性范围，威力倍增。 | 擅长用毒，手段阴狠，与能转化阴邪之气为毒素的妖兽能力相当。 | 擅长用毒，与朱勾宗交换过法门，毒性强烈、手段阴损。 | 参与西联联盟，属于邪宗势力之一 | 以制毒炼丹闻名天下，技术独步此界，属西联重要成员。 | 领袖被视为老狐狸，善于权谋，行事狡诈难测。 | 炼毒布陷之能天下无双,鸠盘山,"腐骨童子, 褚辰",,
极乐宗,邪宗之一，乐见妙化宗动作，但未有实质举动。 | 采补秘法、极乐仙丹、妖蛊之术闻名，行事阴狠，以折磨人为乐，擅长用迷香控制人心神。 | 按兵不动，疑似在暗中观察局势，行事隐秘，不轻易出手 | 以男女之事闻名，善于采补，行事放纵而富有算计，能以美色操控人心。 | 邪道宗门，擅长床技与魅惑之术，有“奼阴劫女”等人物，注重以姿色与气息诱惑他人。 | 擅长迷幻类手段，偏好使用迷药、香料等影响心智的物品，作风隐秘且带享乐主义色彩。 | 使用蛊毒手段，行事嚣张，与其他宗门发生冲突时不留余地。 | 以媚功、蛊毒、迷药著称，擅长精神迷惑与肉体诱惑，行事诡谲婉媚，属西联势力中的重量级宗门。 | 被水蝶兰称为‘破烂地方’，似乎名声不佳，可能行事较为低劣或陈旧,,"奼阴劫女, 吞阳劫姝, 销魂妃子, 七秀十三英, 莫宗主","刮骨抽髓极乐篇, 吞阳蚀元, 奼阴刮骨, 迷意颠香（特殊法诀）, 蛊术","极乐仙丹, 碧萝藤香, 流光蝶香, 龙犀香, 升仙窍, 九灵绣风桃花帐, 飞梦烟, 迷迭香"
虚缈宗,以守御见长 | 正道势力之一，拥有真一修为强者，积极参与正道联盟事务。 | 作为定海神针般存在，稳定战局，抵抗散修盟会冲击。,委羽山,"聆风子, 听雪道人, 白虹, 流云子","虚空七真诀, 挪移术",
西极禅宗,佛门宗派，强调修养与化解干戈，山门护法曾为妖魔，现以平和姿态调停纷争。 | 修行佛法，传播真言神通，有超渡亡魂之举 | 正道九宗之一，包容性强，门下既有出家僧人也有一代妖魔转化而来的居士，修行体系兼容并蓄。 | 佛门修行，克制戾气，虽为妖修出身但持戒严谨，参与抵御外敌。 | 具备正道立场，行事稳重而有真性情，强调禅心与天道的契合，主张借势而为、顺应劫数。 | 佛门宗派，修行禅理与音杀之术，主张善哉度化，但亦可施展凌厉神通。,琉璃天,"摩信大师, 半成居士, 圆尘和尚, 了然和尚, 插翅飞虎","大灌顶光真言, 以身为渠，使劫煞如水, 咒法攻杀, 皮肤外腾起一层薄雾般的护体毫光（疑似禅宗护体神通）",
镇魂宗,行事豪情杀伐，以强硬手段打击妖魔邪修，作风雷厉风行，在正道中享有极高声望。 | 以音攻与魂魄类手段见长，宗主主动出击，作风刚猛霸道，擅长正面挑战强敌。 | 铁血风格，克制阴邪鬼气，擅长镇压妖邪，与冥王宗等邪道对立。 | 豪迈直爽，胸怀气魄一等一 | 正道九宗之一，参与联合抗敌，具备真一境界宗主坐镇，属正道核心力量之一。 | 正道宗门之一，宗主行事诚恳，重视联盟基业，愿意向强者低头求助。,极南落魂海,"厉斗量, 卢阳","镇海八法, 镇魂之术","吞海灵犀, 明珠"
天妖剑宗,高傲孤僻，好战嗜杀，不喜合群，专精剑术截杀。 | 西联人马之一，与其他宗门弟子常起冲突，拥有强大剑修战力。 | 专修剑道，身剑如一，擅长快速震荡类剑技。 | 参与西联联盟，属于邪宗势力之一 | 邪宗大宗，地位显赫，参与西联行动，作风强势。 | 毛躁冲动，与正道九宗互看不顺眼，容易因争斗打出火气,,"七修尊者, 齐勿生, 徐亢, 修为较高的修士（与东阳山人对阵者）","勾魂残剑, 妖剑秘法, 蜂鸣快剑",
无量天宗,强势霸道，能一夜之间连根拔起他人基业，威慑力强。 | 正道宗门，参与除魔卫道行动。 | 持戒甚严，门下弟子古板，行事偏狭凌厉，不出正道十宗之列。 | 执法严厉，注重刑罚戒律，掌令仙师面相凌厉，行事以宗门利益为重，但在受恩后会有所顾忌。 | 置身事外、两面讨好，对正道九宗和西联的修士虽提供岛屿入住，但安排在最偏远的位置，远离主岛万里，宗门高层装聋作哑，显露出不地道、明哲保身的态度。 | 与其他宗门合作，参与重大事务的商议，注重灵脉资源的开发与利用。,无量海 | 东海七十二仙岛上 | 主岛位于琅环岛万里之外的东海区域，为东海七十二仙岛之一，是其宗门核心所在。,"妙常真人, 重元道士",大无量玄元玉皇妙经,
星矶剑宗,阵法高明，擅长以天地星象布局设禁，为阵法大宗。 | 剑道宗门，眼高于顶，重视剑道造诣与宗门声誉，曾与明心宗高手切磋并败北。,,天垣老儿,天星散数,
法华宗,正道宗门，参与除魔卫道行动。,,释无涯,妙法莲华,
战魔宗,行事张扬，崇尚战斗与挑战，曾与明心剑宗弟子交手落败而丢人。 | 邪道宗门，与正道对立，门下有罗刹金刚等高手。 | 相对弱势，对结盟持保留态度，只求维持宗门道统。 | 参与西联联盟 | 好勇斗狠，充当西联打手角色，依附于更强宗门行动。 | 手段干脆、强势，具有威慑力，能在混乱中迅速镇压局势 | 具备可观力量，但在当前局势下需看他人脸色行事，宗门精英尚存，有拼死一战的潜力,昭阳泽,"罗刹金刚, 车宰臣, 李东觉, 宗主",,
百兽宗,已覆灭，曾以护法灵兽为战力，宗主狮驼王拼死突围，最终被笛声催发七情欲火致死。 | 原为独立宗门，已溃灭十年，宗门法器流散，部分旧部被他人利用以图复宗名义。 | 擅长驱兽之术，被称作“驱兽杂耍的宗门”，在诸宗眼中实力不强但有一定影响力。 | 被用作祭品以提升北盟威慑力，显示其在势力博弈中的牺牲地位。 | 精通控制飞禽走兽以作耳目，是通玄界此类法门的翘楚,,"狮驼王, 齐飞熊, 狮驼",,百兽结魂袍
千帆城,炼器大宗，擅长制作攻伐灵识类法宝，曾因制造‘灵灭丝’引发通玄界乱象。 | 尚未表态立场 | 远蹈世外，不介入通玄界争斗，专注于炼器，以买卖维持生计，炼器之术举世无双。 | 与千宝阁合作建立百工堂，提供超品匠师服务，涉足法宝订制、修复与交易，展现出强大的技术实力与灵活的政治立场（如图瑾前往双鼓屿与西联做生意），属于四宗联盟的重要成员。,天星海,"图瑾, 公输大师, 章顺",,"灵灭丝, 定魂蓝星"
雁行宗,情报交易，出售修士行踪信息。 | 喜欢做生意，耳目众多，可进行情报交易。 | 尚未表态立场 | 擅长情报消息收集与整理，以化形匿迹之术游荡天下，将收集的信息整理出售，换取法宝、丹药等资源。行事谨慎，注重信息的隐蔽获取和系统化分析。 | 神秘兮兮，擅长情报收集（听墙角、挖地洞），散出的情报为通玄界所依赖，不介入争斗。 | 负责传递消息，协助其他宗门获取战况情报。,,,化形匿迹之术,
千宝阁,以收集此界最珍稀法宝为立宗之旨，奉行‘四空训’（金空、银空、人空、心空），注重收藏品味与超脱心态，行事灵活甚至油滑逐利。 | 奸滑狡诈，善于权谋，注重利益交换，行事带有阴谋和血腥气，表面海派实则精于算计。 | 商业性质浓厚，收藏丰富，参与水镜大会。 | 以鉴赏、买卖宝物为主，行事圆滑精明 | 以做生意为主，擅长交易、取宝，行事圆滑，善于言辞，有扩张野心但表面谦和，甘愿接受重重考验以换取更大利益。 | 商业性质浓厚，与千帆城联手开设百工堂，推行以物易物、公开估价交易制度，打破传统修行界资源交换模式，具有高度组织化与市场化特征。,千帆城,"箕二, 箕胖子, 竺良, 几个掌柜的, 箕不错, 征侍","嫁衣法, 饲养疫鬼七百余年的心得体会, 掺有百兽宗一些驭灵法门","夜魔无影, 惊神钟, 檀香珠, 墨丝蚶宝, 锁心寒铁"
大千光极城,参与西联联盟 | 拥有金甲十万，军事化组织，远在西北，参与西联仅为凑数。 | 雄踞大漠，无人敢犯，领袖专横跋扈。 | 极西之地宗门，以军阵征伐之术融入修行，注重集体力量与纪律，行事独立且有战略意图。,大漠 | 极西翰海,大日法尊,大日三法门,
幽魂宗,神秘莫测，擅长隐匿与潜行，行事常出人意料,,幽离神君,噬影大法,司晨模铁
玄海幽明宗,钻研治学，注重阵法与空间研究，但在治人方面能力极差，导致宗门在危难时人心惶惶。行事隐秘，将重要甬道作为高层秘密，用于应变求生。,玄海幽明城，位于具有虚空裂隙之地，靠近通往九幽之域的深窟。,"弥玄苍, 玄海幽明城上万弟子, 真人境修士三五人","修行法门与幽魂噬影宗一脉相承, 运用阵法稳固空间甬道, 诸天羽化之术（间接关联）",